Function, File, Line, DependsOnEnt,DependsOnType,DependsOnFile
"com.hankcs.algorithm.AhoCorasickDoubleArrayTrie.Builder.addKeyword(String keyword,int index)",D:\Code\Tools\art_tools\dump\Project399\AhoCorasickDoubleArrayTrie\src\main\java\com\hankcs\algorithm\AhoCorasickDoubleArrayTrie.java,640,State.addState,Call,D:\Code\Tools\art_tools\dump\Project399\AhoCorasickDoubleArrayTrie\src\main\java\com\hankcs\algorithm\State.java
com.hankcs.algorithm.AhoCorasickDoubleArrayTrie.Builder.addKeyword(String keyword,int index),D:\Code\Tools\art_tools\dump\Project399\AhoCorasickDoubleArrayTrie\src\main\java\com\hankcs\algorithm\AhoCorasickDoubleArrayTrie.java,642,State.addEmit,Call,D:\Code\Tools\art_tools\dump\Project399\AhoCorasickDoubleArrayTrie\src\main\java\com\hankcs\algorithm\State.java
com.hankcs.algorithm.AhoCorasickDoubleArrayTrie.Builder.buildDoubleArrayTrie(int keySize),D:\Code\Tools\art_tools\dump\Project399\AhoCorasickDoubleArrayTrie\src\main\java\com\hankcs\algorithm\AhoCorasickDoubleArrayTrie.java,728,algorithm.State,Use,D:\Code\Tools\art_tools\dump\Project399\AhoCorasickDoubleArrayTrie\src\main\java\com\hankcs\algorithm\State.java
com.hankcs.algorithm.AhoCorasickDoubleArrayTrie.Builder.buildDoubleArrayTrie(int keySize),D:\Code\Tools\art_tools\dump\Project399\AhoCorasickDoubleArrayTrie\src\main\java\com\hankcs\algorithm\AhoCorasickDoubleArrayTrie.java,728,State.getSuccess,Call,D:\Code\Tools\art_tools\dump\Project399\AhoCorasickDoubleArrayTrie\src\main\java\com\hankcs\algorithm\State.java
com.hankcs.algorithm.AhoCorasickDoubleArrayTrie.Builder.constructFailureStates(),D:\Code\Tools\art_tools\dump\Project399\AhoCorasickDoubleArrayTrie\src\main\java\com\hankcs\algorithm\AhoCorasickDoubleArrayTrie.java,668,algorithm.State,Use,D:\Code\Tools\art_tools\dump\Project399\AhoCorasickDoubleArrayTrie\src\main\java\com\hankcs\algorithm\State.java
com.hankcs.algorithm.AhoCorasickDoubleArrayTrie.Builder.constructFailureStates(),D:\Code\Tools\art_tools\dump\Project399\AhoCorasickDoubleArrayTrie\src\main\java\com\hankcs\algorithm\AhoCorasickDoubleArrayTrie.java,671,State.getStates,Call,D:\Code\Tools\art_tools\dump\Project399\AhoCorasickDoubleArrayTrie\src\main\java\com\hankcs\algorithm\State.java
com.hankcs.algorithm.AhoCorasickDoubleArrayTrie.Builder.constructFailureStates(),D:\Code\Tools\art_tools\dump\Project399\AhoCorasickDoubleArrayTrie\src\main\java\com\hankcs\algorithm\AhoCorasickDoubleArrayTrie.java,673,State.setFailure,Call,D:\Code\Tools\art_tools\dump\Project399\AhoCorasickDoubleArrayTrie\src\main\java\com\hankcs\algorithm\State.java
com.hankcs.algorithm.AhoCorasickDoubleArrayTrie.Builder.constructFailureStates(),D:\Code\Tools\art_tools\dump\Project399\AhoCorasickDoubleArrayTrie\src\main\java\com\hankcs\algorithm\AhoCorasickDoubleArrayTrie.java,683,State.getTransitions,Call,D:\Code\Tools\art_tools\dump\Project399\AhoCorasickDoubleArrayTrie\src\main\java\com\hankcs\algorithm\State.java
com.hankcs.algorithm.AhoCorasickDoubleArrayTrie.Builder.constructFailureStates(),D:\Code\Tools\art_tools\dump\Project399\AhoCorasickDoubleArrayTrie\src\main\java\com\hankcs\algorithm\AhoCorasickDoubleArrayTrie.java,685,State.nextState,Call,D:\Code\Tools\art_tools\dump\Project399\AhoCorasickDoubleArrayTrie\src\main\java\com\hankcs\algorithm\State.java
com.hankcs.algorithm.AhoCorasickDoubleArrayTrie.Builder.constructFailureStates(),D:\Code\Tools\art_tools\dump\Project399\AhoCorasickDoubleArrayTrie\src\main\java\com\hankcs\algorithm\AhoCorasickDoubleArrayTrie.java,688,State.failure,Call,D:\Code\Tools\art_tools\dump\Project399\AhoCorasickDoubleArrayTrie\src\main\java\com\hankcs\algorithm\State.java
com.hankcs.algorithm.AhoCorasickDoubleArrayTrie.Builder.constructFailureStates(),D:\Code\Tools\art_tools\dump\Project399\AhoCorasickDoubleArrayTrie\src\main\java\com\hankcs\algorithm\AhoCorasickDoubleArrayTrie.java,689,State.nextState,Call,D:\Code\Tools\art_tools\dump\Project399\AhoCorasickDoubleArrayTrie\src\main\java\com\hankcs\algorithm\State.java
com.hankcs.algorithm.AhoCorasickDoubleArrayTrie.Builder.constructFailureStates(),D:\Code\Tools\art_tools\dump\Project399\AhoCorasickDoubleArrayTrie\src\main\java\com\hankcs\algorithm\AhoCorasickDoubleArrayTrie.java,691,State.failure,Call,D:\Code\Tools\art_tools\dump\Project399\AhoCorasickDoubleArrayTrie\src\main\java\com\hankcs\algorithm\State.java
com.hankcs.algorithm.AhoCorasickDoubleArrayTrie.Builder.constructFailureStates(),D:\Code\Tools\art_tools\dump\Project399\AhoCorasickDoubleArrayTrie\src\main\java\com\hankcs\algorithm\AhoCorasickDoubleArrayTrie.java,693,State.nextState,Call,D:\Code\Tools\art_tools\dump\Project399\AhoCorasickDoubleArrayTrie\src\main\java\com\hankcs\algorithm\State.java
com.hankcs.algorithm.AhoCorasickDoubleArrayTrie.Builder.constructFailureStates(),D:\Code\Tools\art_tools\dump\Project399\AhoCorasickDoubleArrayTrie\src\main\java\com\hankcs\algorithm\AhoCorasickDoubleArrayTrie.java,694,State.setFailure,Call,D:\Code\Tools\art_tools\dump\Project399\AhoCorasickDoubleArrayTrie\src\main\java\com\hankcs\algorithm\State.java
com.hankcs.algorithm.AhoCorasickDoubleArrayTrie.Builder.constructFailureStates(),D:\Code\Tools\art_tools\dump\Project399\AhoCorasickDoubleArrayTrie\src\main\java\com\hankcs\algorithm\AhoCorasickDoubleArrayTrie.java,695,State.emit,Call,D:\Code\Tools\art_tools\dump\Project399\AhoCorasickDoubleArrayTrie\src\main\java\com\hankcs\algorithm\State.java
com.hankcs.algorithm.AhoCorasickDoubleArrayTrie.Builder.constructFailureStates(),D:\Code\Tools\art_tools\dump\Project399\AhoCorasickDoubleArrayTrie\src\main\java\com\hankcs\algorithm\AhoCorasickDoubleArrayTrie.java,695,State.addEmit,Call,D:\Code\Tools\art_tools\dump\Project399\AhoCorasickDoubleArrayTrie\src\main\java\com\hankcs\algorithm\State.java
com.hankcs.algorithm.AhoCorasickDoubleArrayTrie.Builder.constructOutput(State targetState),D:\Code\Tools\art_tools\dump\Project399\AhoCorasickDoubleArrayTrie\src\main\java\com\hankcs\algorithm\AhoCorasickDoubleArrayTrie.java,706,State.emit,Call,D:\Code\Tools\art_tools\dump\Project399\AhoCorasickDoubleArrayTrie\src\main\java\com\hankcs\algorithm\State.java
com.hankcs.algorithm.AhoCorasickDoubleArrayTrie.Builder.constructOutput(State targetState),D:\Code\Tools\art_tools\dump\Project399\AhoCorasickDoubleArrayTrie\src\main\java\com\hankcs\algorithm\AhoCorasickDoubleArrayTrie.java,714,State.getIndex,Call,D:\Code\Tools\art_tools\dump\Project399\AhoCorasickDoubleArrayTrie\src\main\java\com\hankcs\algorithm\State.java
com.hankcs.algorithm.AhoCorasickDoubleArrayTrie.Builder.fetch(State parent,List<Map.Entry> siblings),D:\Code\Tools\art_tools\dump\Project399\AhoCorasickDoubleArrayTrie\src\main\java\com\hankcs\algorithm\AhoCorasickDoubleArrayTrie.java,620,algorithm.State,Use,D:\Code\Tools\art_tools\dump\Project399\AhoCorasickDoubleArrayTrie\src\main\java\com\hankcs\algorithm\State.java
com.hankcs.algorithm.AhoCorasickDoubleArrayTrie.Builder.fetch(State parent,List<Map.Entry> siblings),D:\Code\Tools\art_tools\dump\Project399\AhoCorasickDoubleArrayTrie\src\main\java\com\hankcs\algorithm\AhoCorasickDoubleArrayTrie.java,616,State.isAcceptable,Call,D:\Code\Tools\art_tools\dump\Project399\AhoCorasickDoubleArrayTrie\src\main\java\com\hankcs\algorithm\State.java
com.hankcs.algorithm.AhoCorasickDoubleArrayTrie.Builder.fetch(State parent,List<Map.Entry> siblings),D:\Code\Tools\art_tools\dump\Project399\AhoCorasickDoubleArrayTrie\src\main\java\com\hankcs\algorithm\AhoCorasickDoubleArrayTrie.java,618,State.getDepth,Call,D:\Code\Tools\art_tools\dump\Project399\AhoCorasickDoubleArrayTrie\src\main\java\com\hankcs\algorithm\State.java
com.hankcs.algorithm.AhoCorasickDoubleArrayTrie.Builder.fetch(State parent,List<Map.Entry> siblings),D:\Code\Tools\art_tools\dump\Project399\AhoCorasickDoubleArrayTrie\src\main\java\com\hankcs\algorithm\AhoCorasickDoubleArrayTrie.java,618,State.State,Call,D:\Code\Tools\art_tools\dump\Project399\AhoCorasickDoubleArrayTrie\src\main\java\com\hankcs\algorithm\State.java
com.hankcs.algorithm.AhoCorasickDoubleArrayTrie.Builder.fetch(State parent,List<Map.Entry> siblings),D:\Code\Tools\art_tools\dump\Project399\AhoCorasickDoubleArrayTrie\src\main\java\com\hankcs\algorithm\AhoCorasickDoubleArrayTrie.java,618,algorithm.State,Create,D:\Code\Tools\art_tools\dump\Project399\AhoCorasickDoubleArrayTrie\src\main\java\com\hankcs\algorithm\State.java
com.hankcs.algorithm.AhoCorasickDoubleArrayTrie.Builder.fetch(State parent,List<Map.Entry> siblings),D:\Code\Tools\art_tools\dump\Project399\AhoCorasickDoubleArrayTrie\src\main\java\com\hankcs\algorithm\AhoCorasickDoubleArrayTrie.java,619,State.getLargestValueId,Call,D:\Code\Tools\art_tools\dump\Project399\AhoCorasickDoubleArrayTrie\src\main\java\com\hankcs\algorithm\State.java
com.hankcs.algorithm.AhoCorasickDoubleArrayTrie.Builder.fetch(State parent,List<Map.Entry> siblings),D:\Code\Tools\art_tools\dump\Project399\AhoCorasickDoubleArrayTrie\src\main\java\com\hankcs\algorithm\AhoCorasickDoubleArrayTrie.java,622,State.getSuccess,Call,D:\Code\Tools\art_tools\dump\Project399\AhoCorasickDoubleArrayTrie\src\main\java\com\hankcs\algorithm\State.java
com.hankcs.algorithm.AhoCorasickDoubleArrayTrie.Builder.fetch(State parent,List<Map.Entry> siblings),D:\Code\Tools\art_tools\dump\Project399\AhoCorasickDoubleArrayTrie\src\main\java\com\hankcs\algorithm\AhoCorasickDoubleArrayTrie.java,624,algorithm.State,Use,D:\Code\Tools\art_tools\dump\Project399\AhoCorasickDoubleArrayTrie\src\main\java\com\hankcs\algorithm\State.java
com.hankcs.algorithm.AhoCorasickDoubleArrayTrie.Builder.insert(List<Map.Entry> siblings),D:\Code\Tools\art_tools\dump\Project399\AhoCorasickDoubleArrayTrie\src\main\java\com\hankcs\algorithm\AhoCorasickDoubleArrayTrie.java,831,algorithm.State,Use,D:\Code\Tools\art_tools\dump\Project399\AhoCorasickDoubleArrayTrie\src\main\java\com\hankcs\algorithm\State.java
