Dependent File,D:\Code\IdeaProjects\StarBuzz\src\extras\Espresso.java,D:\Code\IdeaProjects\StarBuzz\src\sizes\TeaLg.java,D:\Code\IdeaProjects\StarBuzz\src\extras\Chocolate.java,D:\Code\IdeaProjects\StarBuzz\src\extras\CoffeeBeverage.java,D:\Code\IdeaProjects\StarBuzz\src\recipes\CoffeeDrink.java,D:\Code\IdeaProjects\StarBuzz\src\starbuzzcore\Beverage.java,D:\Code\IdeaProjects\StarBuzz\src\sizes\CoffeeSm.java,D:\Code\IdeaProjects\StarBuzz\src\extras\TeaBeverage.java,D:\Code\IdeaProjects\StarBuzz\src\extras\Jasmine.java,D:\Code\IdeaProjects\StarBuzz\src\sizes\TeaBased.java,D:\Code\IdeaProjects\StarBuzz\src\sizes\CoffeeBased.java,D:\Code\IdeaProjects\StarBuzz\src\starbuzzcore\Starbuzz.java,D:\Code\IdeaProjects\StarBuzz\src\recipes\MilkFreeTeaDrink.java,D:\Code\IdeaProjects\StarBuzz\src\sizes\TeaMed.java,D:\Code\IdeaProjects\StarBuzz\src\recipes\TeaDrink.java,D:\Code\IdeaProjects\StarBuzz\src\extras\RedTea.java,D:\Code\IdeaProjects\StarBuzz\src\starbuzzcore\Ingredient.java,D:\Code\IdeaProjects\StarBuzz\src\extras\HouseBlend.java,D:\Code\IdeaProjects\StarBuzz\src\sizes\CoffeeMed.java,D:\Code\IdeaProjects\StarBuzz\src\extras\Ginger.java,D:\Code\IdeaProjects\StarBuzz\src\extras\Decaf.java,D:\Code\IdeaProjects\StarBuzz\src\starbuzzcore\Parser.java,D:\Code\IdeaProjects\StarBuzz\src\extras\WhipCream.java,D:\Code\IdeaProjects\StarBuzz\src\recipes\MilkFreeCoffeeDrink.java,D:\Code\IdeaProjects\StarBuzz\src\extras\GreenTea.java,D:\Code\IdeaProjects\StarBuzz\src\extras\WhiteTea.java,D:\Code\IdeaProjects\StarBuzz\src\sizes\TeaSm.java,D:\Code\IdeaProjects\StarBuzz\src\sizes\CoffeeLg.java,D:\Code\IdeaProjects\StarBuzz\src\extras\Milk.java,D:\Code\IdeaProjects\StarBuzz\src\interfaces\Recipe.java,D:\Code\IdeaProjects\StarBuzz\src\interfaces\SizeFactor.java
D:\Code\IdeaProjects\StarBuzz\src\extras\Espresso.java,,,,1,,1,,,,,,,,,,,,,,,,,,,,,,,,,
D:\Code\IdeaProjects\StarBuzz\src\sizes\TeaLg.java,,,,,,,,,,1,,,,,,,,,,,,,,,,,,,,,
D:\Code\IdeaProjects\StarBuzz\src\extras\Chocolate.java,,,,,,2,,,,,,,,,,,4,,,,,,,,,,,,,,
D:\Code\IdeaProjects\StarBuzz\src\extras\CoffeeBeverage.java,,,,,,2,,,,,,,,,,,,,,,,,,,,,,,,,
D:\Code\IdeaProjects\StarBuzz\src\recipes\CoffeeDrink.java,,,,,,,,,,,,,,,,,,,,,,,,,,,,,,2,
D:\Code\IdeaProjects\StarBuzz\src\starbuzzcore\Beverage.java,,,,,,,,,,,,,,,,,,,,,,,,,,,,,,4,4
D:\Code\IdeaProjects\StarBuzz\src\sizes\CoffeeSm.java,,,,,,,,,,,1,,,,,,,,,,,,,,,,,,,,
D:\Code\IdeaProjects\StarBuzz\src\extras\TeaBeverage.java,,,,,,2,,,,,,,,,,,,,,,,,,,,,,,,,
D:\Code\IdeaProjects\StarBuzz\src\extras\Jasmine.java,,,,,,2,,,,,,,,,,,4,,,,,,,,,,,,,,
D:\Code\IdeaProjects\StarBuzz\src\sizes\TeaBased.java,,,,,,,,,,,,,,,,,,,,,,,,,,,,,,,2
D:\Code\IdeaProjects\StarBuzz\src\sizes\CoffeeBased.java,,,,,,,,,,,,,,,,,,,,,,,,,,,,,,,2
D:\Code\IdeaProjects\StarBuzz\src\starbuzzcore\Starbuzz.java,,,,,,3,,,,,,,,,,,,,,,,3,,,,,,,,,
D:\Code\IdeaProjects\StarBuzz\src\recipes\MilkFreeTeaDrink.java,,,,,,,,,,,,,,,,,,,,,,,,,,,,,,2,
D:\Code\IdeaProjects\StarBuzz\src\sizes\TeaMed.java,,,,,,,,,,1,,,,,,,,,,,,,,,,,,,,,
D:\Code\IdeaProjects\StarBuzz\src\recipes\TeaDrink.java,,,,,,,,,,,,,,,,,,,,,,,,,,,,,,2,
D:\Code\IdeaProjects\StarBuzz\src\extras\RedTea.java,,,,,,1,,1,,,,,,,,,,,,,,,,,,,,,,,
D:\Code\IdeaProjects\StarBuzz\src\starbuzzcore\Ingredient.java,,,,,,4,,,,,,,,,,,,,,,,,,,,,,,,,
D:\Code\IdeaProjects\StarBuzz\src\extras\HouseBlend.java,,,,1,,1,,,,,,,,,,,,,,,,,,,,,,,,,
D:\Code\IdeaProjects\StarBuzz\src\sizes\CoffeeMed.java,,,,,,,,,,,1,,,,,,,,,,,,,,,,,,,,
D:\Code\IdeaProjects\StarBuzz\src\extras\Ginger.java,,,,,,2,,,,,,,,,,,4,,,,,,,,,,,,,,
D:\Code\IdeaProjects\StarBuzz\src\extras\Decaf.java,,,,1,,1,,,,,,,,,,,,,,,,,,,,,,,,,
D:\Code\IdeaProjects\StarBuzz\src\starbuzzcore\Parser.java,4,1,6,,1,13,1,,4,,,,1,1,1,2,,1,1,4,4,,6,1,3,1,1,1,8,,
D:\Code\IdeaProjects\StarBuzz\src\extras\WhipCream.java,,,,,,2,,,,,,,,,,,4,,,,,,,,,,,,,,
D:\Code\IdeaProjects\StarBuzz\src\recipes\MilkFreeCoffeeDrink.java,,,,,,,,,,,,,,,,,,,,,,,,,,,,,,2,
D:\Code\IdeaProjects\StarBuzz\src\extras\GreenTea.java,,,,,,1,,1,,,,,,,,,,,,,,,,,,,,,,,
D:\Code\IdeaProjects\StarBuzz\src\extras\WhiteTea.java,,,,,,1,,1,,,,,,,,,,,,,,,,,,,,,,,
D:\Code\IdeaProjects\StarBuzz\src\sizes\TeaSm.java,,,,,,,,,,1,,,,,,,,,,,,,,,,,,,,,
D:\Code\IdeaProjects\StarBuzz\src\sizes\CoffeeLg.java,,,,,,,,,,,1,,,,,,,,,,,,,,,,,,,,
D:\Code\IdeaProjects\StarBuzz\src\extras\Milk.java,,,,,,2,,,,,,,,,,,4,,,,,,,,,,,,,,
